ghostface_220_t10m38_6s.mp3	Hahahaha
ghostface_228_t10m51_4s.mp3	Mm hmm.
ghostface_231_t10m56_8s.mp3	Thanks for watching!
ghostface_232_t10m59_1s.mp3	Thanks for watching!
ghostface_233_t11m04_3s.mp3	Beep
ghostface_234_t11m09_9s.mp3	Thanks for watching!
ghostface_235_t11m11_9s.mp3	Thanks for watching!
ghostface_236_t11m13_1s.mp3	Thanks for watching!
ghostface_237_t11m15_5s.mp3	Thanks for watching!
ghostface_238_t11m17_8s.mp3	Thanks for watching!
ghostface_239_t11m21_5s.mp3	Thanks for watching!
ghostface_240_t11m25_2s.mp3	Thanks for watching!
ghostface_241_t11m36_6s.mp3	Thanks for watching!
ghostface_242_t11m37_9s.mp3	So, that's it. That's all my questions. Thank you very much. And we'll see you next time. I'll see you next time.
ghostface_243_t11m41_6s.mp3	Thanks for watching!
ghostface_244_t11m43_0s.mp3	Thanks for watching!
ghostface_245_t11m44_6s.mp3	Thanks for watching!
ghostface_246_t11m46_1s.mp3	Thanks for watching!
ghostface_247_t11m50_1s.mp3	No, no, no, no, no, no, no, no.
ghostface_248_t11m56_3s.mp3	... ... ... ... ...
ghostface_249_t11m58_1s.mp3	Thanks for watching!
ghostface_250_t12m00_5s.mp3	Thanks for watching!
ghostface_251_t12m01_5s.mp3	MUSIC
ghostface_252_t12m05_9s.mp3	MUSIC
ghostface_253_t12m09_9s.mp3	. . . .
ghostface_254_t12m15_5s.mp3	Thanks for watching!
ghostface_255_t12m18_1s.mp3	Thanks for watching!
ghostface_256_t12m21_4s.mp3	Thanks for watching!
ghostface_257_t12m22_6s.mp3	Thanks for watching!
ghostface_258_t12m24_9s.mp3	Whoa!
ghostface_259_t12m27_7s.mp3	Whoa!
ghostface_260_t12m30_1s.mp3	Thanks for watching!
ghostface_261_t12m33_5s.mp3	Thanks for watching!
ghostface_262_t12m36_8s.mp3	Thanks for watching!
ghostface_265_t12m51_6s.mp3	BANG!
ghostface_266_t12m53_1s.mp3	BOOM
ghostface_267_t12m54_7s.mp3	BANG!
ghostface_268_t12m56_3s.mp3	Whoosh!
ghostface_269_t12m58_4s.mp3	Thanks for watching!
ghostface_270_t13m00_6s.mp3	Thanks for watching!
ghostface_271_t13m01_7s.mp3	Thanks for watching!
ghostface_272_t13m02_9s.mp3	Thanks for watching!
ghostface_273_t13m04_8s.mp3	RAAAAAAHHH!
ghostface_274_t13m07_8s.mp3	Thanks for watching!
ghostface_275_t13m11_3s.mp3	Thanks for watching!
ghostface_276_t13m14_4s.mp3	WOAH!
ghostface_277_t13m16_2s.mp3	Thanks for watching!
ghostface_278_t13m17_9s.mp3	Thanks for watching!
ghostface_279_t13m19_2s.mp3	Thanks for watching!
ghostface_280_t13m21_5s.mp3	Whoop!
ghostface_281_t13m23_1s.mp3	Thanks for watching!
ghostface_282_t13m30_1s.mp3	You
ghostface_283_t13m32_2s.mp3	Vroooooooorrrrrrrrrrrrrrrr
ghostface_284_t13m36_5s.mp3	Thanks for watching!
ghostface_285_t13m40_4s.mp3	Thanks for watching!
ghostface_286_t13m43_3s.mp3	Thanks for watching!
ghostface_287_t13m45_3s.mp3	Thanks for watching!
ghostface_288_t13m51_4s.mp3	Thanks for watching!
ghostface_289_t13m52_9s.mp3	Thanks for watching!
ghostface_290_t13m55_1s.mp3	BANG! BANG! BANG!
ghostface_291_t13m57_2s.mp3	Thanks for watching! I'll see you next time! Bye!
ghostface_292_t13m58_2s.mp3	Thanks for watching!
ghostface_294_t14m12_6s.mp3	Thanks for watching!
ghostface_295_t14m15_4s.mp3	Thanks for watching!
ghostface_296_t14m18_2s.mp3	WOAH!
ghostface_297_t14m20_4s.mp3	Thanks for watching!
ghostface_298_t14m22_6s.mp3	Thank you for watching!
ghostface_299_t14m24_8s.mp3	
ghostface_300_t14m27_1s.mp3	Whoosh!
ghostface_301_t14m29_1s.mp3	Thanks for watching!
ghostface_302_t14m33_2s.mp3	THE END
ghostface_303_t14m37_2s.mp3	AAAAAAAAAAAAAAA
ghostface_304_t14m41_2s.mp3	Thank you for watching!
ghostface_305_t14m42_9s.mp3	WOAH!
ghostface_306_t14m45_0s.mp3	HEY!
ghostface_307_t14m47_3s.mp3	Whoa.
ghostface_309_t14m53_5s.mp3	Thanks for watching!
ghostface_312_t15m04_5s.mp3	Thanks for watching!
ghostface_313_t15m08_2s.mp3	Boop, boop, boop, boop, boop, boop.
ghostface_315_t15m11_8s.mp3	BANG!
ghostface_316_t15m13_2s.mp3	Oh
ghostface_319_t15m20_1s.mp3	Thanks for watching!
ghostface_320_t15m21_2s.mp3	Thanks for watching!
ghostface_321_t15m25_1s.mp3	Whoosh!
ghostface_323_t15m31_5s.mp3	Thanks for watching!
ghostface_324_t15m35_8s.mp3	Thanks for watching!
ghostface_325_t15m39_3s.mp3	Whoa!
ghostface_326_t15m43_3s.mp3	Thank you for watching!
ghostface_328_t15m45_8s.mp3	Cheers.
ghostface_329_t15m47_0s.mp3	Thanks for watching!
ghostface_330_t15m49_7s.mp3	Thank you for watching!
ghostface_331_t15m54_3s.mp3	Thanks for watching!
ghostface_332_t15m55_6s.mp3	Thanks for watching!
ghostface_333_t15m57_7s.mp3	BOOM
ghostface_334_t15m59_5s.mp3	Thanks for watching!
ghostface_335_t16m00_6s.mp3	And that's it for this video.
ghostface_336_t16m05_2s.mp3	Thanks for watching!
ghostface_337_t16m08_2s.mp3	Thanks for watching!
