num	dur_s	rms_db	f0_hz	voiced	gaps	file
001	1.31	-8.9	213	0.95	0	mayuri_line_001_0000.0s.mp3
002	3.59	-13.1	211	0.58	3	mayuri_line_002_0001.8s.mp3
003	1.92	-10.6	195	0.93	0	mayuri_line_003_0006.0s.mp3
004	1.85	-12.8	221	0.88	0	mayuri_line_004_0008.5s.mp3
005	9.26	-10.4	195	0.69	3	mayuri_line_005_0010.8s.mp3
006	1.11	-10.4	274	0.81	0	mayuri_line_006_0020.5s.mp3
007	1.44	-9.9	258	0.94	0	mayuri_line_007_0021.9s.mp3
008	0.82	-9.6	252	0.95	0	mayuri_line_008_0023.7s.mp3
009	2.93	-10.0	281	0.73	2	mayuri_line_009_0024.9s.mp3
010	0.70	-10.1	229	0.82	0	mayuri_line_010_0028.1s.mp3
011	11.11	-9.7	235	0.85	2	mayuri_line_011_0029.1s.mp3
012	2.79	-9.4	232	0.88	0	mayuri_line_012_0040.8s.mp3
013	1.62	-12.1	161	0.80	0	mayuri_line_013_0044.1s.mp3
014	2.70	-10.5	167	0.79	0	mayuri_line_014_0046.7s.mp3
015	3.93	-11.7	271	0.77	2	mayuri_line_015_0050.0s.mp3
016	2.27	-12.3	193	0.77	0	mayuri_line_016_0054.4s.mp3
017	2.92	-11.7	167	0.81	1	mayuri_line_017_0057.3s.mp3
018	1.59	-10.0	198	0.94	0	mayuri_line_018_0061.0s.mp3
019	3.42	-9.5	308	0.83	0	mayuri_line_019_0062.9s.mp3
020	1.20	-12.2	195	0.72	0	mayuri_line_020_0067.0s.mp3
021	1.71	-11.0	248	0.77	0	mayuri_line_021_0068.5s.mp3
022	2.80	-10.5	262	0.81	0	mayuri_line_022_0070.5s.mp3
023	3.31	-11.0	204	0.82	0	mayuri_line_023_0073.7s.mp3
024	5.88	-10.1	242	0.80	3	mayuri_line_024_0077.2s.mp3
025	2.51	-10.4	168	0.79	0	mayuri_line_025_0083.4s.mp3
026	1.42	-11.9	180	0.86	0	mayuri_line_026_0086.2s.mp3
027	1.58	-11.8	148	0.88	0	mayuri_line_027_0088.0s.mp3
028	0.66	-9.1	368	0.77	0	mayuri_line_028_0090.0s.mp3
029	7.66	-11.8	229	0.76	4	mayuri_line_029_0090.9s.mp3
030	4.18	-9.4	232	0.82	0	mayuri_line_030_0099.0s.mp3
031	1.33	-8.9	178	0.85	0	mayuri_line_031_0103.6s.mp3
032	1.31	-9.7	235	0.88	0	mayuri_line_032_0105.2s.mp3
033	2.06	-11.6	205	0.75	0	mayuri_line_033_0107.0s.mp3
034	1.48	-8.5	242	0.99	0	mayuri_line_034_0109.5s.mp3
035	8.68	-11.2	239	0.78	1	mayuri_line_035_0111.2s.mp3
036	1.33	-12.1	200	0.84	0	mayuri_line_036_0120.5s.mp3
037	0.31	-9.6	164	0.86	0	mayuri_line_037_0122.7s.mp3
038	0.76	-10.1	143	0.99	0	mayuri_line_038_0123.5s.mp3
039	4.37	-9.5	200	0.80	1	mayuri_line_039_0124.7s.mp3
040	1.24	-12.8	161	0.68	0	mayuri_line_040_0129.5s.mp3
041	3.37	-12.2	127	0.75	0	mayuri_line_041_0131.3s.mp3
042	1.35	-10.5	274	0.95	0	mayuri_line_042_0135.1s.mp3
043	3.41	-10.3	271	0.84	0	mayuri_line_043_0137.1s.mp3
044	4.15	-9.2	211	0.90	0	mayuri_line_044_0140.8s.mp3
045	5.61	-10.1	216	0.86	0	mayuri_line_045_0145.3s.mp3
046	3.48	-10.7	267	0.73	0	mayuri_line_046_0152.0s.mp3
047	1.86	-10.3	317	0.83	1	mayuri_line_047_0155.8s.mp3
048	3.54	-11.3	219	0.77	0	mayuri_line_048_0158.0s.mp3
049	1.10	-9.7	225	0.78	0	mayuri_line_049_0161.8s.mp3
050	2.04	-10.7	208	0.87	0	mayuri_line_050_0163.4s.mp3
051	0.53	-14.2	176	0.84	0	mayuri_line_051_0166.3s.mp3
052	1.16	-13.4	291	0.68	0	mayuri_line_052_0167.4s.mp3
053	3.67	-10.0	286	0.68	1	mayuri_line_053_0169.0s.mp3
054	1.90	-9.7	208	0.85	0	mayuri_line_054_0173.0s.mp3
055	6.99	-11.5	225	0.74	0	mayuri_line_055_0175.4s.mp3
056	2.82	-12.2	188	0.71	0	mayuri_line_056_0183.1s.mp3
057	0.74	-8.3	234	0.81	0	mayuri_line_057_0186.2s.mp3
058	3.69	-9.3	200	0.87	0	mayuri_line_058_0187.2s.mp3
059	3.19	-10.3	258	0.74	2	mayuri_line_059_0191.2s.mp3
060	1.45	-10.6	148	0.88	0	mayuri_line_060_0194.8s.mp3
061	1.51	-10.8	239	0.92	0	mayuri_line_061_0196.9s.mp3
062	1.59	-11.3	211	0.84	0	mayuri_line_062_0199.0s.mp3
063	1.43	-11.8	201	0.70	1	mayuri_line_063_0201.1s.mp3
064	2.16	-9.5	211	0.74	0	mayuri_line_064_0202.8s.mp3
065	1.02	-9.5	213	0.94	0	mayuri_line_065_0205.2s.mp3
066	1.26	-10.2	281	0.90	0	mayuri_line_066_0206.5s.mp3
067	1.00	-12.3	167	0.91	0	mayuri_line_067_0208.1s.mp3
068	1.49	-10.4	203	0.97	0	mayuri_line_068_0209.6s.mp3
069	0.41	-19.9	216	0.26	1	mayuri_line_069_0212.1s.mp3
070	2.89	-11.0	203	0.78	0	mayuri_line_070_0212.8s.mp3
071	2.25	-10.3	190	0.90	0	mayuri_line_071_0216.1s.mp3
072	2.68	-12.1	152	0.77	0	mayuri_line_072_0218.8s.mp3
073	4.80	-11.3	239	0.82	1	mayuri_line_073_0222.0s.mp3
074	2.56	-10.0	213	0.83	1	mayuri_line_074_0227.3s.mp3
075	1.01	-10.2	200	0.84	0	mayuri_line_075_0230.3s.mp3
076	4.04	-9.4	225	0.81	0	mayuri_line_076_0231.5s.mp3
077	5.46	-12.1	239	0.82	1	mayuri_line_077_0235.8s.mp3
078	2.75	-10.1	221	0.75	0	mayuri_line_078_0241.6s.mp3
079	3.91	-10.6	260	0.80	2	mayuri_line_079_0245.5s.mp3
080	12.81	-10.0	267	0.77	2	mayuri_line_080_0249.7s.mp3
081	2.62	-11.9	172	0.71	1	mayuri_line_081_0262.9s.mp3
082	5.07	-11.2	182	0.78	0	mayuri_line_082_0265.9s.mp3
083	1.11	-20.6	219	0.30	0	mayuri_line_083_0271.3s.mp3
084	2.38	-10.2	201	0.86	0	mayuri_line_084_0272.7s.mp3
085	1.50	-10.6	229	0.88	0	mayuri_line_085_0275.4s.mp3
086	2.56	-10.1	187	0.77	0	mayuri_line_086_0277.2s.mp3
087	5.13	-10.2	234	0.81	1	mayuri_line_087_0280.3s.mp3
088	7.30	-10.5	241	0.73	4	mayuri_line_088_0285.7s.mp3
089	7.22	-10.1	227	0.75	5	mayuri_line_089_0293.5s.mp3
090	2.99	-10.4	222	0.84	0	mayuri_line_090_0301.0s.mp3
091	2.38	-12.4	142	0.76	0	mayuri_line_091_0304.6s.mp3
092	1.18	-8.1	317	0.91	0	mayuri_line_092_0307.4s.mp3
093	11.71	-10.1	281	0.80	4	mayuri_line_093_0308.9s.mp3
094	1.40	-13.0	269	0.96	0	mayuri_line_094_0321.3s.mp3
095	1.53	-9.9	219	0.84	0	mayuri_line_095_0323.0s.mp3
096	2.87	-10.4	212	0.85	0	mayuri_line_096_0325.4s.mp3
097	3.14	-10.0	221	0.81	2	mayuri_line_097_0328.5s.mp3
098	2.38	-8.9	221	0.84	0	mayuri_line_098_0332.0s.mp3
099	0.45	-10.3	139	0.86	0	mayuri_line_099_0335.2s.mp3
100	0.80	-13.4	132	0.79	0	mayuri_line_100_0336.1s.mp3
101	0.91	-10.4	308	0.79	0	mayuri_line_101_0337.3s.mp3
102	2.74	-12.1	216	0.56	2	mayuri_line_102_0338.6s.mp3
103	2.73	-9.1	198	0.91	0	mayuri_line_103_0343.0s.mp3
104	2.02	-9.6	250	0.78	1	mayuri_line_104_0346.4s.mp3
105	3.44	-11.1	212	0.80	0	mayuri_line_105_0349.0s.mp3
106	2.07	-10.9	147	0.79	1	mayuri_line_106_0352.8s.mp3
107	0.97	-9.3	196	0.93	0	mayuri_line_107_0355.7s.mp3
108	8.37	-10.9	213	0.84	3	mayuri_line_108_0356.9s.mp3
109	0.30	-9.4	256	0.86	0	mayuri_line_109_0366.1s.mp3
110	2.66	-10.3	188	0.78	0	mayuri_line_110_0366.6s.mp3
111	16.97	-10.1	278	0.79	3	mayuri_line_111_0369.6s.mp3
112	2.81	-10.7	288	0.80	1	mayuri_line_112_0386.8s.mp3
113	1.20	-11.5	178	0.81	0	mayuri_line_113_0389.9s.mp3
114	0.44	-11.1	142	0.86	0	mayuri_line_114_0391.4s.mp3
115	1.36	-11.5	150	0.78	0	mayuri_line_115_0392.4s.mp3
