name	dur	rms	peak	crest	f0	voiced	gaps	intensity
yamamoto_line_053_0129.3s.mp3	0.26	-10.9	-0.1	10.8	330	0.62	0	0.61
yamamoto_line_084_0190.6s.mp3	0.26	-10.0	-0.2	9.8	97	0.88	0	0.74
yamamoto_line_119_0266.8s.mp3	0.26	-11.6	-0.3	11.3	129	0.79	0	0.68
yamamoto_line_131_0290.6s.mp3	0.29	-10.8	0.3	11.1	299	0.63	0	0.63
yamamoto_line_004_0009.6s.mp3	0.30	-10.1	0.4	10.6	193	0.93	0	0.79
yamamoto_line_028_0070.2s.mp3	0.30	-10.5	0.5	11.0	130	0.79	0	0.76
yamamoto_line_086_0194.5s.mp3	0.30	-10.8	0.6	11.4	165	0.86	0	0.67
yamamoto_line_062_0144.7s.mp3	0.31	-11.1	0.3	11.4	317	0.83	0	0.67
yamamoto_line_120_0267.5s.mp3	0.34	-10.2	0.5	10.7	333	0.81	0	0.70
yamamoto_line_146_0316.2s.mp3	0.34	-9.4	0.5	9.8	308	0.94	0	0.75
yamamoto_line_011_0028.4s.mp3	0.39	-9.5	0.1	9.6	128	0.86	0	0.83
yamamoto_line_101_0232.1s.mp3	0.48	-11.2	0.0	11.2	213	0.91	0	0.67
yamamoto_line_015_0036.2s.mp3	0.50	-10.7	-0.1	10.6	97	0.94	0	0.74
yamamoto_line_031_0075.8s.mp3	0.50	-9.7	-0.2	9.5	225	0.90	0	0.78
yamamoto_line_032_0076.6s.mp3	0.52	-15.9	-0.2	15.7	107	0.86	0	0.57
yamamoto_line_157_0348.6s.mp3	0.54	-13.1	0.0	13.1	124	0.83	0	0.54
yamamoto_line_110_0251.5s.mp3	0.56	-11.6	0.2	11.9	273	0.41	1	0.56
yamamoto_line_019_0049.8s.mp3	0.57	-9.9	0.3	10.2	344	0.93	0	0.82
yamamoto_line_081_0184.2s.mp3	0.59	-13.0	0.2	13.2	101	0.91	0	0.63
yamamoto_line_076_0175.6s.mp3	0.60	-13.9	-0.1	13.9	356	0.84	0	0.56
yamamoto_line_156_0347.5s.mp3	0.61	-12.8	-0.2	12.5	155	0.90	0	0.59
yamamoto_line_063_0145.4s.mp3	0.62	-12.8	0.1	12.9	103	0.93	0	0.69
yamamoto_line_144_0313.1s.mp3	0.63	-11.8	0.4	12.2	161	0.89	0	0.63
yamamoto_line_069_0155.1s.mp3	0.65	-10.5	0.4	10.9	203	0.90	0	0.78
yamamoto_line_154_0344.7s.mp3	0.72	-11.5	-0.0	11.5	115	0.73	0	0.64
yamamoto_line_041_0099.2s.mp3	0.74	-10.2	0.5	10.7	262	0.94	0	0.72
yamamoto_line_138_0301.7s.mp3	0.74	-14.2	-0.2	14.0	184	0.74	0	0.52
yamamoto_line_042_0100.2s.mp3	0.79	-10.0	0.4	10.3	262	0.92	0	0.72
yamamoto_line_068_0154.0s.mp3	0.79	-10.5	0.1	10.6	222	0.95	0	0.85
yamamoto_line_116_0262.6s.mp3	0.80	-10.3	0.4	10.7	271	0.88	0	0.74
yamamoto_line_124_0276.3s.mp3	0.81	-13.5	-0.2	13.3	139	0.89	0	0.66
yamamoto_line_111_0252.4s.mp3	0.87	-12.7	0.2	12.9	113	0.89	0	0.58
yamamoto_line_022_0054.6s.mp3	0.89	-13.2	0.3	13.5	193	0.68	0	0.54
yamamoto_line_048_0116.6s.mp3	0.90	-10.2	0.8	11.0	192	0.89	0	0.78
yamamoto_line_054_0129.9s.mp3	0.90	-10.5	0.6	11.1	227	0.89	0	0.66
yamamoto_line_014_0035.0s.mp3	0.92	-11.0	0.1	11.1	213	0.92	0	0.80
yamamoto_line_070_0156.2s.mp3	0.92	-13.4	-0.2	13.2	198	0.71	0	0.57
yamamoto_line_135_0296.0s.mp3	0.93	-12.8	0.3	13.2	125	0.89	0	0.64
yamamoto_line_077_0176.5s.mp3	0.95	-12.3	0.4	12.7	195	0.82	0	0.57
yamamoto_line_094_0212.9s.mp3	0.96	-13.5	-0.0	13.5	168	0.96	0	0.71
yamamoto_line_133_0292.6s.mp3	0.98	-10.0	0.2	10.2	123	0.72	1	0.75
yamamoto_line_117_0263.7s.mp3	1.02	-10.8	0.2	11.0	150	0.96	0	0.74
yamamoto_line_132_0291.3s.mp3	1.02	-10.9	0.1	11.0	258	0.89	0	0.78
yamamoto_line_020_0050.6s.mp3	1.04	-12.4	-0.1	12.2	148	0.93	0	0.72
yamamoto_line_108_0247.3s.mp3	1.05	-11.2	0.3	11.6	78	0.98	0	0.82
yamamoto_line_057_0134.9s.mp3	1.07	-14.4	-0.3	14.2	136	0.87	0	0.55
yamamoto_line_139_0302.8s.mp3	1.09	-11.5	0.4	11.9	185	0.93	0	0.67
yamamoto_line_123_0274.4s.mp3	1.13	-12.6	-0.0	12.6	142	0.90	0	0.64
yamamoto_line_129_0286.4s.mp3	1.13	-13.1	0.1	13.2	184	0.91	0	0.58
yamamoto_line_078_0178.1s.mp3	1.14	-12.1	0.1	12.2	152	0.92	0	0.60
yamamoto_line_112_0253.6s.mp3	1.15	-10.0	1.1	11.1	211	0.79	1	0.79
yamamoto_line_033_0077.5s.mp3	1.17	-14.4	-0.3	14.2	145	0.97	0	0.59
yamamoto_line_037_0084.5s.mp3	1.17	-14.4	-0.4	14.0	136	0.86	0	0.52
yamamoto_line_158_0349.8s.mp3	1.18	-13.2	-0.1	13.1	147	0.82	0	0.61
yamamoto_line_118_0265.4s.mp3	1.18	-9.5	0.4	9.9	308	0.94	0	0.76
yamamoto_line_044_0103.6s.mp3	1.19	-12.8	0.2	13.0	205	0.79	0	0.53
yamamoto_line_155_0345.8s.mp3	1.19	-13.6	0.0	13.6	144	0.85	0	0.54
yamamoto_line_056_0133.3s.mp3	1.20	-11.5	0.4	12.0	182	0.92	0	0.71
yamamoto_line_104_0238.6s.mp3	1.20	-13.9	-0.1	13.8	137	0.83	0	0.60
yamamoto_line_148_0328.9s.mp3	1.20	-11.3	0.3	11.7	91	0.94	0	0.72
yamamoto_line_047_0114.6s.mp3	1.23	-12.0	0.2	12.2	90	0.87	0	0.66
yamamoto_line_143_0311.6s.mp3	1.23	-9.5	0.1	9.6	281	0.97	0	0.92
yamamoto_line_034_0079.0s.mp3	1.25	-12.8	0.1	12.9	163	0.96	0	0.64
yamamoto_line_099_0227.9s.mp3	1.25	-12.8	-0.2	12.6	178	0.91	0	0.64
yamamoto_line_125_0277.6s.mp3	1.25	-13.1	0.1	13.2	147	0.93	0	0.59
yamamoto_line_106_0243.4s.mp3	1.26	-11.2	-0.1	11.1	176	0.96	0	0.67
yamamoto_line_107_0245.2s.mp3	1.26	-13.0	-0.1	12.9	105	0.90	0	0.61
yamamoto_line_065_0148.8s.mp3	1.28	-10.5	0.6	11.1	308	0.78	1	0.72
yamamoto_line_093_0211.2s.mp3	1.28	-11.7	0.1	11.9	222	0.96	0	0.68
yamamoto_line_122_0272.7s.mp3	1.28	-12.4	-0.1	12.3	142	0.87	0	0.62
yamamoto_line_137_0300.1s.mp3	1.29	-12.1	0.0	12.2	195	0.81	0	0.56
yamamoto_line_024_0058.0s.mp3	1.33	-11.9	-0.1	11.7	254	0.94	0	0.64
yamamoto_line_089_0199.2s.mp3	1.33	-11.7	0.0	11.7	208	0.89	0	0.69
yamamoto_line_127_0282.3s.mp3	1.34	-10.6	-0.0	10.5	162	0.95	0	0.76
yamamoto_line_141_0307.0s.mp3	1.34	-11.4	0.0	11.4	153	0.92	0	0.73
yamamoto_line_088_0197.5s.mp3	1.36	-11.4	0.4	11.8	193	0.93	0	0.68
yamamoto_line_097_0221.3s.mp3	1.36	-14.8	-0.2	14.6	129	0.90	0	0.55
yamamoto_line_009_0024.3s.mp3	1.39	-13.2	-0.4	12.9	134	0.97	0	0.69
yamamoto_line_151_0337.5s.mp3	1.40	-11.6	0.4	12.0	302	0.93	0	0.64
yamamoto_line_059_0138.7s.mp3	1.44	-11.1	0.2	11.3	208	0.96	0	0.74
yamamoto_line_067_0152.3s.mp3	1.45	-11.0	0.4	11.4	194	0.92	0	0.69
yamamoto_line_102_0233.1s.mp3	1.46	-10.2	0.5	10.7	271	0.98	0	0.74
yamamoto_line_036_0082.4s.mp3	1.48	-13.6	-0.2	13.4	119	0.86	0	0.57
yamamoto_line_008_0022.4s.mp3	1.49	-11.8	0.8	12.6	254	0.71	0	0.55
yamamoto_line_023_0056.1s.mp3	1.52	-11.5	0.3	11.8	178	0.97	0	0.72
yamamoto_line_043_0101.5s.mp3	1.54	-10.5	0.3	10.7	162	0.97	0	0.80
yamamoto_line_051_0124.7s.mp3	1.54	-12.3	-0.2	12.1	138	0.88	0	0.58
yamamoto_line_052_0126.8s.mp3	1.55	-13.6	0.1	13.7	248	0.94	0	0.62
yamamoto_line_114_0257.5s.mp3	1.55	-11.4	0.0	11.4	216	0.83	0	0.72
yamamoto_line_035_0080.6s.mp3	1.56	-11.4	0.4	11.9	97	0.81	1	0.66
yamamoto_line_060_0140.5s.mp3	1.58	-10.1	0.3	10.4	111	0.97	0	0.82
yamamoto_line_080_0182.1s.mp3	1.61	-10.2	0.1	10.3	145	0.96	0	0.86
yamamoto_line_079_0179.9s.mp3	1.63	-12.0	0.2	12.2	167	0.92	0	0.70
yamamoto_line_145_0314.1s.mp3	1.63	-11.2	0.4	11.7	211	0.83	0	0.71
yamamoto_line_064_0146.7s.mp3	1.65	-12.6	-0.1	12.5	131	0.93	0	0.69
yamamoto_line_128_0284.0s.mp3	1.66	-12.4	-0.1	12.3	209	0.79	0	0.57
yamamoto_line_066_0150.3s.mp3	1.71	-12.8	-0.1	12.7	172	0.72	0	0.59
yamamoto_line_001_0000.0s.mp3	1.74	-11.6	0.6	12.2	258	0.74	0	0.61
yamamoto_line_100_0229.9s.mp3	1.74	-13.3	-0.1	13.2	134	0.92	0	0.65
yamamoto_line_013_0032.9s.mp3	1.77	-11.3	0.1	11.4	176	0.97	0	0.81
yamamoto_line_134_0293.9s.mp3	1.77	-12.9	0.0	12.9	140	0.87	0	0.66
yamamoto_line_061_0142.5s.mp3	1.78	-13.1	-0.1	12.9	138	0.90	0	0.68
yamamoto_line_071_0157.5s.mp3	1.79	-12.7	-0.3	12.3	203	0.85	0	0.54
yamamoto_line_017_0041.6s.mp3	1.82	-11.8	0.3	12.1	193	0.94	0	0.60
yamamoto_line_153_0342.6s.mp3	1.83	-11.4	0.2	11.6	190	0.98	0	0.80
yamamoto_line_058_0136.6s.mp3	1.85	-12.7	0.1	12.8	143	0.93	0	0.66
yamamoto_line_055_0131.1s.mp3	1.87	-13.7	0.0	13.7	155	0.78	0	0.49
yamamoto_line_027_0068.0s.mp3	1.88	-10.2	0.6	10.8	296	0.92	0	0.76
yamamoto_line_010_0026.2s.mp3	1.89	-14.2	-0.4	13.9	129	0.95	0	0.60
yamamoto_line_082_0185.5s.mp3	1.89	-12.0	0.1	12.1	142	0.97	0	0.70
yamamoto_line_074_0170.3s.mp3	1.94	-13.8	-0.0	13.7	162	0.92	0	0.58
yamamoto_line_113_0255.1s.mp3	1.95	-11.1	0.1	11.2	302	0.95	0	0.68
yamamoto_line_090_0200.9s.mp3	1.97	-12.6	0.3	12.9	180	0.92	0	0.68
yamamoto_line_087_0195.1s.mp3	2.11	-12.4	0.4	12.8	241	0.86	0	0.63
yamamoto_line_021_0052.0s.mp3	2.14	-11.8	0.7	12.6	140	0.77	1	0.63
yamamoto_line_025_0060.0s.mp3	2.16	-11.8	0.3	12.0	111	0.97	0	0.78
yamamoto_line_029_0070.7s.mp3	2.16	-11.7	0.8	12.5	211	0.64	2	0.62
yamamoto_line_007_0019.9s.mp3	2.19	-13.2	-0.1	13.1	190	0.73	1	0.52
yamamoto_line_142_0309.1s.mp3	2.20	-13.4	0.0	13.4	137	0.94	0	0.63
yamamoto_line_109_0249.0s.mp3	2.21	-12.0	0.3	12.2	190	0.86	0	0.61
yamamoto_line_136_0297.4s.mp3	2.21	-11.9	0.2	12.1	208	0.91	0	0.63
yamamoto_line_030_0073.2s.mp3	2.24	-13.0	-0.1	12.9	142	0.87	0	0.60
yamamoto_line_140_0304.2s.mp3	2.36	-15.3	-0.3	15.0	131	0.92	0	0.52
yamamoto_line_149_0330.4s.mp3	2.39	-12.4	0.4	12.8	215	0.82	1	0.64
yamamoto_line_130_0287.9s.mp3	2.42	-12.3	-0.2	12.2	200	0.87	0	0.60
yamamoto_line_050_0121.8s.mp3	2.45	-12.4	0.2	12.7	182	0.74	2	0.59
yamamoto_line_126_0279.4s.mp3	2.52	-12.9	0.0	12.9	145	0.92	0	0.65
yamamoto_line_152_0339.5s.mp3	2.54	-11.9	0.4	12.2	213	0.94	0	0.70
yamamoto_line_075_0172.7s.mp3	2.59	-11.1	0.1	11.1	205	0.92	0	0.68
yamamoto_line_083_0187.7s.mp3	2.59	-13.9	0.1	13.9	139	0.92	0	0.60
yamamoto_line_096_0218.0s.mp3	2.59	-13.0	0.0	13.0	150	0.78	0	0.57
yamamoto_line_091_0203.2s.mp3	2.63	-11.3	0.1	11.5	180	0.89	1	0.63
yamamoto_line_095_0215.0s.mp3	2.67	-12.1	0.5	12.5	195	0.85	1	0.68
yamamoto_line_105_0240.1s.mp3	2.77	-12.4	0.0	12.4	158	0.94	0	0.66
yamamoto_line_115_0259.4s.mp3	2.82	-11.9	-0.2	11.7	168	0.84	0	0.61
yamamoto_line_073_0166.8s.mp3	2.97	-12.6	0.8	13.4	216	0.75	1	0.53
yamamoto_line_002_0002.0s.mp3	3.00	-11.6	0.1	11.7	152	0.91	0	0.64
yamamoto_line_085_0191.2s.mp3	3.03	-11.9	0.1	12.0	165	0.91	0	0.70
yamamoto_line_039_0090.8s.mp3	3.11	-10.8	0.6	11.4	232	0.81	2	0.75
yamamoto_line_150_0333.2s.mp3	3.12	-13.9	-0.3	13.6	152	0.83	1	0.53
yamamoto_line_098_0223.4s.mp3	3.14	-13.6	0.1	13.7	165	0.85	0	0.55
yamamoto_line_103_0235.0s.mp3	3.19	-11.1	-0.1	10.9	162	0.90	0	0.69
yamamoto_line_012_0029.4s.mp3	3.20	-12.5	-0.0	12.5	152	0.88	0	0.56
yamamoto_line_049_0118.0s.mp3	3.24	-11.9	0.4	12.2	188	0.79	0	0.63
yamamoto_line_045_0105.2s.mp3	3.34	-11.7	0.2	11.9	213	0.92	0	0.66
yamamoto_line_005_0010.4s.mp3	3.43	-12.4	0.5	12.9	151	0.75	2	0.63
yamamoto_line_003_0005.5s.mp3	3.74	-12.0	0.2	12.2	165	0.90	0	0.58
yamamoto_line_038_0086.5s.mp3	3.77	-12.6	0.0	12.7	150	0.93	0	0.56
yamamoto_line_121_0268.1s.mp3	3.90	-12.6	0.1	12.7	149	0.83	1	0.59
yamamoto_line_016_0037.1s.mp3	4.05	-13.0	0.1	13.1	154	0.84	1	0.50
yamamoto_line_092_0206.3s.mp3	4.30	-12.1	0.1	12.2	162	0.85	0	0.64
yamamoto_line_026_0062.9s.mp3	4.44	-12.4	0.2	12.7	219	0.90	0	0.65
yamamoto_line_018_0044.7s.mp3	4.55	-11.8	0.1	11.9	158	0.95	0	0.70
yamamoto_line_040_0094.2s.mp3	4.72	-11.7	0.2	11.9	192	0.72	4	0.57
yamamoto_line_046_0109.0s.mp3	4.76	-11.9	0.1	11.9	182	0.83	1	0.61
yamamoto_line_006_0014.1s.mp3	5.34	-11.3	0.5	11.8	224	0.86	2	0.63
yamamoto_line_072_0159.7s.mp3	6.75	-12.9	0.3	13.2	133	0.79	2	0.57
yamamoto_line_147_0316.8s.mp3	11.77	-11.7	0.6	12.4	250	0.75	7	0.60
