output	source	band_index	bands_in_source	width	height
p1_pain_chikushodo_combo.png	pain_sprites_p1_pain_chikushodo_combo.png	1	1	735	66
p1_pain_chikushodo_combo_2.png	pain_sprites_p1_pain_chikushodo_combo_2.png	1	1	720	64
p1_pain_chikushodo_damage.png	pain_sprites_p1_pain_chikushodo_damage.png	1	1	360	60
p1_pain_chikushodo_damage_2.png	pain_sprites_p1_pain_chikushodo_damage_2.png	1	1	400	64
p1_pain_chikushodo_down_attack.png	pain_sprites_p1_pain_chikushodo_down_attack.png	1	1	594	65
p1_pain_chikushodo_down_attack_2.png	pain_sprites_p1_pain_chikushodo_down_attack_2.png	1	1	547	64
p1_pain_chikushodo_jump_fall_crouch_throw.png	pain_sprites_p1_pain_chikushodo_jump_fall_crouch_throw.png	1	1	516	87
p1_pain_chikushodo_jump_fall_crouch_throw_2.png	pain_sprites_p1_pain_chikushodo_jump_fall_crouch_throw_2.png	1	1	506	63
p1_pain_chikushodo_pain_chikushddo_second_boay_portrait.png	pain_sprites_p1_pain_chikushodo_pain_chikushddo_second_boay_portrait.png	1	1	457	127
p1_pain_chikushodo_pain_chikushodo_portrait.png	pain_sprites_p1_pain_chikushodo_pain_chikushodo_portrait.png	1	1	179	150
p1_pain_chikushodo_row.png	pain_sprites_p1_pain_chikushodo_row.png	1	1	368	65
p1_pain_chikushodo_row_2_row_01.png	pain_sprites_p1_pain_chikushodo_row_2.png	1	2	410	16
p1_pain_chikushodo_row_2_row_02.png	pain_sprites_p1_pain_chikushodo_row_2.png	2	2	398	63
p1_pain_chikushodo_row_3.png	pain_sprites_p1_pain_chikushodo_row_3.png	1	1	364	60
p1_pain_chikushodo_run.png	pain_sprites_p1_pain_chikushodo_run.png	1	1	464	59
p1_pain_chikushodo_run_2.png	pain_sprites_p1_pain_chikushodo_run_2.png	1	1	349	51
p1_pain_chikushodo_run_attack.png	pain_sprites_p1_pain_chikushodo_run_attack.png	1	1	331	57
p1_pain_chikushodo_run_attack_2.png	pain_sprites_p1_pain_chikushodo_run_attack_2.png	1	1	325	58
p1_pain_chikushodo_special_attack_kuchiyose_no_jutsu_summoning.png	pain_sprites_p1_pain_chikushodo_special_attack_kuchiyose_no_jutsu_summoning.png	1	1	42	66
p1_pain_chikushodo_special_attack_kuchiyose_no_jutsu_summoning_2.png	pain_sprites_p1_pain_chikushodo_special_attack_kuchiyose_no_jutsu_summoning_2.png	1	1	30	63
p1_pain_chikushodo_stance_teleport_block.png	pain_sprites_p1_pain_chikushodo_stance_teleport_block.png	1	1	406	66
p1_pain_chikushodo_walk_chackra_charge.png	pain_sprites_p1_pain_chikushodo_walk_chackra_charge.png	1	1	441	68
p1_pain_chikushodo_walk_chackra_charge_2.png	pain_sprites_p1_pain_chikushodo_walk_chackra_charge_2.png	1	1	434	73
p1_pain_tendo_combo.png	pain_sprites_p1_pain_tendo_combo.png	1	1	705	65
p1_pain_tendo_damage.png	pain_sprites_p1_pain_tendo_damage.png	1	1	375	59
p1_pain_tendo_down_attack.png	pain_sprites_p1_pain_tendo_down_attack.png	1	1	538	63
p1_pain_tendo_example_row_01.png	pain_sprites_p1_pain_tendo_example.png	1	2	44	7
p1_pain_tendo_example_row_02.png	pain_sprites_p1_pain_tendo_example.png	2	2	141	80
p1_pain_tendo_intro_7.png	pain_sprites_p1_pain_tendo_intro_7.png	1	1	133	69
p1_pain_tendo_jump_fall_crouch_throw.png	pain_sprites_p1_pain_tendo_jump_fall_crouch_throw.png	1	1	566	65
p1_pain_tendo_row.png	pain_sprites_p1_pain_tendo_row.png	1	1	1707	467
p1_pain_tendo_row_2.png	pain_sprites_p1_pain_tendo_row_2.png	1	1	420	28
p1_pain_tendo_row_3.png	pain_sprites_p1_pain_tendo_row_3.png	1	1	360	69
p1_pain_tendo_row_4.png	pain_sprites_p1_pain_tendo_row_4.png	1	1	362	60
p1_pain_tendo_row_5.png	pain_sprites_p1_pain_tendo_row_5.png	1	1	702	25
p1_pain_tendo_row_6_row_01.png	pain_sprites_p1_pain_tendo_row_6.png	1	2	249	11
p1_pain_tendo_row_6_row_02.png	pain_sprites_p1_pain_tendo_row_6.png	2	2	866	88
p1_pain_tendo_row_7.png	pain_sprites_p1_pain_tendo_row_7.png	1	1	1404	184
p1_pain_tendo_row_8.png	pain_sprites_p1_pain_tendo_row_8.png	1	1	1366	188
p1_pain_tendo_run.png	pain_sprites_p1_pain_tendo_run.png	1	1	368	52
p1_pain_tendo_run_attack.png	pain_sprites_p1_pain_tendo_run_attack.png	1	1	325	57
p1_pain_tendo_special_attack_bansho_ten_in_example.png	pain_sprites_p1_pain_tendo_special_attack_bansho_ten_in_example.png	1	1	466	65
p1_pain_tendo_special_attack_chibaku_tensei_repeat.png	pain_sprites_p1_pain_tendo_special_attack_chibaku_tensei_repeat.png	1	1	397	65
p1_pain_tendo_special_attack_rinnegan_defense_destroy_ninjutsu.png	pain_sprites_p1_pain_tendo_special_attack_rinnegan_defense_destroy_ninjutsu.png	1	1	1033	82
p1_pain_tendo_special_attack_six_paths_of_pain.png	pain_sprites_p1_pain_tendo_special_attack_six_paths_of_pain.png	1	1	566	52
p1_pain_tendo_stance_teleport_block.png	pain_sprites_p1_pain_tendo_stance_teleport_block.png	1	1	362	68
p2_animal_2.png	pain_sprites_p2_animal_2.png	1	1	497	195
p2_animal_3_cloack.png	pain_sprites_p2_animal_3_cloack.png	1	1	1021	322
p2_animal_4.png	pain_sprites_p2_animal_4.png	1	1	636	133
p2_animal_5.png	pain_sprites_p2_animal_5.png	1	1	168	309
p2_animal_6.png	pain_sprites_p2_animal_6.png	1	1	1131	174
p2_animal_7.png	pain_sprites_p2_animal_7.png	1	1	887	189
p2_pain_gakido_combo.png	pain_sprites_p2_pain_gakido_combo.png	1	1	690	75
p2_pain_gakido_damage.png	pain_sprites_p2_pain_gakido_damage.png	1	1	384	74
p2_pain_gakido_down_attack.png	pain_sprites_p2_pain_gakido_down_attack.png	1	1	330	70
p2_pain_gakido_jump_fall_crouch_throw.png	pain_sprites_p2_pain_gakido_jump_fall_crouch_throw.png	1	1	610	73
p2_pain_gakido_pain_gakiao_portrait.png	pain_sprites_p2_pain_gakido_pain_gakiao_portrait.png	1	1	274	216
p2_pain_gakido_row.png	pain_sprites_p2_pain_gakido_row.png	1	1	396	91
p2_pain_gakido_run.png	pain_sprites_p2_pain_gakido_run.png	1	1	339	56
p2_pain_gakido_run_attack.png	pain_sprites_p2_pain_gakido_run_attack.png	1	1	285	67
p2_pain_gakido_special_attack_cnrackra_shield_crackra_absorption.png	pain_sprites_p2_pain_gakido_special_attack_cnrackra_shield_crackra_absorption.png	1	1	634	81
p2_pain_gakido_stance_teleport_block.png	pain_sprites_p2_pain_gakido_stance_teleport_block.png	1	1	455	73
p2_pain_gakido_walk_crackra_charge.png	pain_sprites_p2_pain_gakido_walk_crackra_charge.png	1	1	391	73
p2_pain_ningendo_combo.png	pain_sprites_p2_pain_ningendo_combo.png	1	1	709	65
p2_pain_ningendo_damage.png	pain_sprites_p2_pain_ningendo_damage.png	1	1	358	59
p2_pain_ningendo_down_attack.png	pain_sprites_p2_pain_ningendo_down_attack.png	1	1	556	62
p2_pain_ningendo_jump_fall_crouch_throw.png	pain_sprites_p2_pain_ningendo_jump_fall_crouch_throw.png	1	1	585	66
p2_pain_ningendo_pain_ningendao_portrait.png	pain_sprites_p2_pain_ningendo_pain_ningendao_portrait.png	1	1	251	276
p2_pain_ningendo_row.png	pain_sprites_p2_pain_ningendo_row.png	1	1	366	57
p2_pain_ningendo_run.png	pain_sprites_p2_pain_ningendo_run.png	1	1	365	48
p2_pain_ningendo_run_attack.png	pain_sprites_p2_pain_ningendo_run_attack.png	1	1	328	54
p2_pain_ningendo_special_attack_soul_absorption.png	pain_sprites_p2_pain_ningendo_special_attack_soul_absorption.png	1	1	539	67
p2_pain_ningendo_stance_teleport_block.png	pain_sprites_p2_pain_ningendo_stance_teleport_block.png	1	1	397	62
p2_pain_ningendo_walk_crackra_charge.png	pain_sprites_p2_pain_ningendo_walk_crackra_charge.png	1	1	361	66
p2_row.png	pain_sprites_p2_row.png	1	1	1179	93
p2_row_10.png	pain_sprites_p2_row_10.png	1	1	349	64
p2_row_11.png	pain_sprites_p2_row_11.png	1	1	342	66
p2_row_12.png	pain_sprites_p2_row_12.png	1	1	336	67
p2_row_13.png	pain_sprites_p2_row_13.png	1	1	582	160
p2_row_2.png	pain_sprites_p2_row_2.png	1	1	1205	204
p2_row_3.png	pain_sprites_p2_row_3.png	1	1	1111	114
p2_row_4.png	pain_sprites_p2_row_4.png	1	1	1099	115
p2_row_5.png	pain_sprites_p2_row_5.png	1	1	957	82
p2_row_6.png	pain_sprites_p2_row_6.png	1	1	1091	53
p2_row_7.png	pain_sprites_p2_row_7.png	1	1	786	76
p2_row_8.png	pain_sprites_p2_row_8.png	1	1	785	67
p2_row_9.png	pain_sprites_p2_row_9.png	1	1	572	70
p3_pain_jigokudo_combo.png	pain_sprites_p3_pain_jigokudo_combo.png	1	1	703	65
p3_pain_jigokudo_damage.png	pain_sprites_p3_pain_jigokudo_damage.png	1	1	374	59
p3_pain_jigokudo_down_attack.png	pain_sprites_p3_pain_jigokudo_down_attack.png	1	1	538	63
p3_pain_jigokudo_emerging_stance_use_doton_effects.png	pain_sprites_p3_pain_jigokudo_emerging_stance_use_doton_effects.png	1	1	680	230
p3_pain_jigokudo_jump_fall_crouch_throw.png	pain_sprites_p3_pain_jigokudo_jump_fall_crouch_throw.png	1	1	566	65
p3_pain_jigokudo_lose.png	pain_sprites_p3_pain_jigokudo_lose.png	1	1	88	86
p3_pain_jigokudo_pain_jigokudo_portrait.png	pain_sprites_p3_pain_jigokudo_pain_jigokudo_portrait.png	1	1	326	201
p3_pain_jigokudo_row.png	pain_sprites_p3_pain_jigokudo_row.png	1	1	420	28
p3_pain_jigokudo_row_2.png	pain_sprites_p3_pain_jigokudo_row_2.png	1	1	360	69
p3_pain_jigokudo_row_3.png	pain_sprites_p3_pain_jigokudo_row_3.png	1	1	363	59
p3_pain_jigokudo_row_4.png	pain_sprites_p3_pain_jigokudo_row_4.png	1	1	890	145
p3_pain_jigokudo_row_5.png	pain_sprites_p3_pain_jigokudo_row_5.png	1	1	1062	146
p3_pain_jigokudo_row_6.png	pain_sprites_p3_pain_jigokudo_row_6.png	1	1	1260	237
p3_pain_jigokudo_row_7_row_01.png	pain_sprites_p3_pain_jigokudo_row_7.png	1	2	1009	24
p3_pain_jigokudo_row_7_row_02.png	pain_sprites_p3_pain_jigokudo_row_7.png	2	2	1080	257
p3_pain_jigokudo_row_8_row_01.png	pain_sprites_p3_pain_jigokudo_row_8.png	1	2	756	34
p3_pain_jigokudo_row_8_row_02.png	pain_sprites_p3_pain_jigokudo_row_8.png	2	2	1103	266
p3_pain_jigokudo_run.png	pain_sprites_p3_pain_jigokudo_run.png	1	1	365	51
p3_pain_jigokudo_run_attack.png	pain_sprites_p3_pain_jigokudo_run_attack.png	1	1	325	56
p3_pain_jigokudo_special_attack_king_of_hell_judgment.png	pain_sprites_p3_pain_jigokudo_special_attack_king_of_hell_judgment.png	1	1	1383	230
p3_pain_jigokudo_special_attack_kuchiyose_no_jutsu_king_of_hell_activating_jutsu.png	pain_sprites_p3_pain_jigokudo_special_attack_kuchiyose_no_jutsu_king_of_hell_activating_jutsu.png	1	1	194	64
p3_pain_jigokudo_stance_teleport_block.png	pain_sprites_p3_pain_jigokudo_stance_teleport_block.png	1	1	446	65
p3_pain_jigokudo_win_1.png	pain_sprites_p3_pain_jigokudo_win_1.png	1	1	1104	98
p3_pain_jigokudo_win_2.png	pain_sprites_p3_pain_jigokudo_win_2.png	1	1	1104	98
p3_pain_tendo_air_attack.png	pain_sprites_p3_pain_tendo_air_attack.png	1	1	260	112
p3_pain_tendo_air_attack_i_air_attack_2.png	pain_sprites_p3_pain_tendo_air_attack_i_air_attack_2.png	1	1	550	69
p3_pain_tendo_combo.png	pain_sprites_p3_pain_tendo_combo.png	1	1	752	65
p3_pain_tendo_combo_2.png	pain_sprites_p3_pain_tendo_combo_2.png	1	1	1280	106
p3_pain_tendo_damage.png	pain_sprites_p3_pain_tendo_damage.png	1	1	343	63
p3_pain_tendo_damage_2.png	pain_sprites_p3_pain_tendo_damage_2.png	1	1	251	89
p3_pain_tendo_dash_move_jump_crouch.png	pain_sprites_p3_pain_tendo_dash_move_jump_crouch.png	1	1	452	101
p3_pain_tendo_defeated_special_attack_super_missile.png	pain_sprites_p3_pain_tendo_defeated_special_attack_super_missile.png	1	1	977	45
p3_pain_tendo_down_attack.png	pain_sprites_p3_pain_tendo_down_attack.png	1	1	314	66
p3_pain_tendo_jump_fall_crouch.png	pain_sprites_p3_pain_tendo_jump_fall_crouch.png	1	1	422	64
p3_pain_tendo_portrait.png	pain_sprites_p3_pain_tendo_portrait.png	1	1	273	166
p3_pain_tendo_portraits.png	pain_sprites_p3_pain_tendo_portraits.png	1	1	459	192
p3_pain_tendo_row.png	pain_sprites_p3_pain_tendo_row.png	1	1	255	66
p3_pain_tendo_row_2.png	pain_sprites_p3_pain_tendo_row_2.png	1	1	998	79
p3_pain_tendo_row_3.png	pain_sprites_p3_pain_tendo_row_3.png	1	1	456	26
p3_pain_tendo_row_4.png	pain_sprites_p3_pain_tendo_row_4.png	1	1	628	62
p3_pain_tendo_row_5.png	pain_sprites_p3_pain_tendo_row_5.png	1	1	727	79
p3_pain_tendo_row_6.png	pain_sprites_p3_pain_tendo_row_6.png	1	1	723	38
p3_pain_tendo_row_7.png	pain_sprites_p3_pain_tendo_row_7.png	1	1	702	57
p3_pain_tendo_row_8.png	pain_sprites_p3_pain_tendo_row_8.png	1	1	702	61
p3_pain_tendo_run.png	pain_sprites_p3_pain_tendo_run.png	1	1	401	53
p3_pain_tendo_run_attack.png	pain_sprites_p3_pain_tendo_run_attack.png	1	1	499	73
p3_pain_tendo_special_attack_missile_punch_cttects.png	pain_sprites_p3_pain_tendo_special_attack_missile_punch_cttects.png	1	1	1103	80
p3_pain_tendo_special_attack_rocket_launcher.png	pain_sprites_p3_pain_tendo_special_attack_rocket_launcher.png	1	1	277	66
p3_pain_tendo_stance.png	pain_sprites_p3_pain_tendo_stance.png	1	1	408	95
p3_pain_tendo_stance_teleport_block.png	pain_sprites_p3_pain_tendo_stance_teleport_block.png	1	1	365	68
p3_pain_tendo_transtorm.png	pain_sprites_p3_pain_tendo_transtorm.png	1	1	419	93
p3_pain_tendo_walk_chackra_charge.png	pain_sprites_p3_pain_tendo_walk_chackra_charge.png	1	1	400	68
